順位,チーム名,試合,勝利,敗戦,引分,勝率,勝差,残試合,得点,失点,本塁打,盗塁,打率,防御率,失策,date
1,DeNA,19,12,7,0,0.632,-,124,64,55,14,5,0.251,2.72,12,2023-04-27 00:21:50.435159
2,阪神,20,10,9,1,0.526,2,123,58,63,7,12,0.224,2.93,7,2023-04-27 00:21:50.435159
3,ヤクルト,21,10,10,1,0.5,0.5,122,53,53,11,19,0.193,2.41,7,2023-04-27 00:21:50.435159
3,広島,20,10,10,0,0.5,0,123,60,59,15,6,0.224,2.71,10,2023-04-27 00:21:50.435159
5,巨人,21,9,12,0,0.429,1.5,122,70,68,19,1,0.241,3.02,11,2023-04-27 00:21:50.435159
6,中日,19,8,11,0,0.421,0,124,50,57,4,5,0.245,2.69,13,2023-04-27 00:21:50.435159
1,DeNA,20,13,7,0,0.65,-,123,71,61,15,5,0.257,2.87,13,2023-04-28 02:14:34.991426
2,阪神,21,11,9,1,0.55,2,122,73,63,9,12,0.239,2.79,7,2023-04-28 02:14:34.991426
3,広島,21,11,10,0,0.524,0.5,122,63,61,15,6,0.224,2.53,12,2023-04-28 02:14:34.991426
4,ヤクルト,22,10,11,1,0.476,1,121,59,60,13,19,0.196,2.61,7,2023-04-28 02:14:34.991426
5,巨人,22,9,13,0,0.409,1.5,121,70,83,19,1,0.234,3.6,11,2023-04-28 02:14:34.991426
6,中日,20,8,12,0,0.4,0,123,52,60,4,6,0.245,2.66,13,2023-04-28 02:14:34.991426
1,DeNA,21,14,7,0,0.667,-,122,72,61,15,5,0.253,2.73,13,2023-04-29 03:14:53.473652
2,阪神,22,12,9,1,0.571,2,121,77,63,9,14,0.24,2.66,7,2023-04-29 03:14:53.473652
3,広島,22,11,11,0,0.5,1.5,121,67,66,16,8,0.23,2.66,12,2023-04-29 03:14:53.473652
4,ヤクルト,23,10,12,1,0.455,1,120,59,64,13,20,0.194,2.67,7,2023-04-29 03:14:53.473652
5,巨人,23,10,13,0,0.435,0.5,120,75,87,21,1,0.235,3.62,11,2023-04-29 03:14:53.473652
6,中日,21,8,13,0,0.381,1,122,52,61,4,6,0.242,2.59,13,2023-04-29 03:14:53.473652
1,DeNA,22,15,7,0,0.682,-,121,79,65,15,5,0.254,2.75,14,2023-04-29 13:17:21.635614
2,阪神,23,13,9,1,0.591,2,120,84,63,11,14,0.243,2.55,8,2023-04-29 13:17:21.635614
3,広島,23,11,12,0,0.478,2.5,120,70,70,16,8,0.235,2.72,13,2023-04-29 13:17:21.635614
4,巨人,24,11,13,0,0.458,0.5,119,79,90,23,1,0.236,3.59,11,2023-04-29 13:17:21.635614
5,ヤクルト,24,10,13,1,0.435,0.5,119,59,71,13,21,0.19,2.81,7,2023-04-29 13:17:21.635614
6,中日,22,8,14,0,0.364,1.5,121,56,68,4,6,0.242,2.74,13,2023-04-29 13:17:21.635614
1,DeNA,23,16,7,0,0.696,-,120,81,65,15,6,0.25,2.63,14,2023-04-30 16:47:36.214284
2,阪神,24,13,10,1,0.565,3,119,86,67,12,14,0.239,2.58,9,2023-04-30 16:47:36.214284
3,広島,24,12,12,0,0.5,1.5,119,81,74,20,9,0.241,2.78,13,2023-04-30 16:47:36.214284
4,ヤクルト,25,11,13,1,0.458,1,118,63,73,14,22,0.195,2.74,8,2023-04-30 16:47:36.214284
5,巨人,25,11,14,0,0.44,0.5,118,83,101,23,2,0.238,3.9,12,2023-04-30 16:47:36.214284
6,中日,23,8,15,0,0.348,2,120,56,70,4,6,0.238,2.71,13,2023-04-30 16:47:36.214284
1,DeNA,24,16,8,0,0.667,-,119,82,71,15,6,0.25,2.77,14,2023-05-02 14:12:59.311818
2,阪神,25,13,11,1,0.542,3,118,87,70,12,14,0.237,2.59,9,2023-05-02 14:12:59.311818
3,広島,25,13,12,0,0.52,0.5,118,87,75,21,9,0.244,2.7,13,2023-05-02 14:12:59.311818
4,ヤクルト,26,12,13,1,0.48,1,117,70,78,17,22,0.202,2.83,8,2023-05-02 14:12:59.311818
5,巨人,26,11,15,0,0.423,1.5,117,88,108,24,3,0.241,4.02,12,2023-05-02 14:12:59.311818
6,中日,24,9,15,0,0.375,1,119,59,71,4,6,0.236,2.64,13,2023-05-02 14:12:59.311818
1,DeNA,25,17,8,0,0.68,-,118,86,72,15,6,0.251,2.7,14,2023-05-03 14:12:39.973154
2,阪神,26,14,11,1,0.56,3,117,95,77,12,14,0.244,2.73,11,2023-05-03 14:12:39.973154
3,広島,26,13,13,0,0.5,1.5,117,88,79,22,9,0.244,2.77,14,2023-05-03 14:12:39.973154
4,ヤクルト,27,12,14,1,0.462,1,116,77,86,18,23,0.211,3.03,8,2023-05-03 14:12:39.973154
5,巨人,27,12,15,0,0.444,0.5,116,96,115,27,3,0.244,4.14,12,2023-05-03 14:12:39.973154
6,中日,25,9,16,0,0.36,2,118,66,79,4,6,0.24,2.74,16,2023-05-03 14:12:39.973154
1,DeNA,26,18,8,0,0.692,-,117,89,74,17,7,0.251,2.67,14,2023-05-04 14:13:10.789806
2,阪神,27,15,11,1,0.577,3,116,98,79,12,14,0.244,2.7,11,2023-05-04 14:13:10.789806
3,広島,27,13,14,0,0.481,2.5,116,90,82,22,9,0.244,2.79,14,2023-05-04 14:13:10.789806
4,巨人,28,13,15,0,0.464,0.5,115,104,122,30,3,0.246,4.24,12,2023-05-04 14:13:10.789806
5,ヤクルト,28,12,15,1,0.444,0.5,115,84,94,21,23,0.216,3.11,10,2023-05-04 14:13:10.789806
6,中日,26,9,17,0,0.346,2.5,117,68,82,4,6,0.244,2.73,17,2023-05-04 14:13:10.789806
1,DeNA,27,18,9,0,0.667,-,116,98,84,22,7,0.255,2.95,14,2023-05-05 14:12:33.285704
2,阪神,28,16,11,1,0.593,2,115,103,79,15,15,0.246,2.6,11,2023-05-05 14:12:33.285704
3,ヤクルト,29,13,15,1,0.464,3.5,114,94,103,27,24,0.223,3.28,11,2023-05-05 14:12:33.285704
3,広島,28,13,15,0,0.464,0,115,90,87,22,9,0.241,2.87,15,2023-05-05 14:12:33.285704
5,巨人,29,13,16,0,0.448,0.5,114,107,130,31,4,0.248,4.39,12,2023-05-05 14:12:33.285704
6,中日,27,10,17,0,0.37,2,116,76,85,6,6,0.248,2.74,17,2023-05-05 14:12:33.285704
1,DeNA,28,19,9,0,0.679,-,115,115,91,27,7,0.264,3.02,16,2023-05-06 14:11:19.529469
2,阪神,28,16,11,1,0.593,2.5,115,103,79,15,15,0.246,2.6,11,2023-05-06 14:11:19.529469
3,広島,28,13,15,0,0.464,3.5,115,90,87,22,9,0.241,2.87,15,2023-05-06 14:11:19.529469
4,ヤクルト,30,13,16,1,0.448,0.5,113,101,120,27,24,0.225,3.74,12,2023-05-06 14:11:19.529469
5,巨人,30,13,17,0,0.433,0.5,113,108,132,31,4,0.246,4.33,12,2023-05-06 14:11:19.529469
6,中日,28,11,17,0,0.393,1,115,78,86,6,7,0.247,2.67,17,2023-05-06 14:11:19.529469
5,巨人,31,13,18,0,0.419,1,112,109,134,32,4,0.241,4.26,12,2023-05-07 14:11:22.147595
6,中日,29,12,17,0,0.414,0,114,80,87,6,7,0.247,2.62,17,2023-05-07 14:11:22.147595
1,DeNA,29,19,10,0,0.655,-,114,117,100,28,7,0.262,3.19,17,2023-05-09 14:13:25.969118
2,阪神,29,16,12,1,0.571,2.5,114,103,80,15,15,0.242,2.55,11,2023-05-09 14:13:25.969118
3,広島,29,14,15,0,0.483,2.5,114,91,87,22,9,0.245,2.77,15,2023-05-09 14:13:25.969118
4,ヤクルト,31,14,16,1,0.467,0.5,112,102,120,28,24,0.224,3.62,12,2023-05-09 14:13:25.969118
5,巨人,32,14,18,0,0.438,1,111,118,136,36,6,0.247,4.16,13,2023-05-09 14:13:25.969118
6,中日,30,12,18,0,0.4,1,113,80,88,6,7,0.246,2.56,17,2023-05-09 14:13:25.969118
2,阪神,30,16,13,1,0.552,3,113,103,85,15,15,0.239,2.63,12,2023-05-10 14:13:47.436749
3,広島,30,15,15,0,0.5,1.5,113,95,87,22,9,0.249,2.67,15,2023-05-10 14:13:47.436749
4,ヤクルト,32,15,16,1,0.484,0.5,111,107,120,28,24,0.225,3.51,12,2023-05-10 14:13:47.436749
5,巨人,32,14,18,0,0.438,1.5,111,118,136,36,6,0.247,4.16,13,2023-05-10 14:13:47.436749
6,中日,31,12,19,0,0.387,1.5,112,80,92,6,7,0.243,2.61,18,2023-05-10 14:13:47.436749
1,DeNA,30,19,11,0,0.633,-,113,118,104,29,7,0.259,3.22,17,2023-05-11 14:13:04.369602
2,阪神,31,17,13,1,0.567,2,112,105,86,15,16,0.239,2.58,14,2023-05-11 14:13:04.369602
3,広島,31,16,15,0,0.516,1.5,112,98,89,22,10,0.25,2.63,15,2023-05-11 14:13:04.369602
4,ヤクルト,33,15,17,1,0.469,1.5,110,108,122,28,25,0.224,3.47,12,2023-05-11 14:13:04.369602
5,巨人,33,15,18,0,0.455,0.5,110,122,137,36,6,0.25,4.06,13,2023-05-11 14:13:04.369602
6,中日,32,12,20,0,0.375,2.5,111,82,95,6,7,0.243,2.6,19,2023-05-11 14:13:04.369602
1,DeNA,31,19,12,0,0.613,-,112,121,110,29,7,0.258,3.29,18,2023-05-12 14:12:07.613681
2,阪神,32,18,13,1,0.581,1,111,111,89,16,17,0.24,2.59,15,2023-05-12 14:12:07.613681
3,広島,32,17,15,0,0.531,1.5,111,107,93,24,10,0.25,2.66,15,2023-05-12 14:12:07.613681
4,ヤクルト,34,15,18,1,0.455,2.5,109,109,129,28,25,0.224,3.55,14,2023-05-12 14:12:07.613681
5,巨人,34,15,19,0,0.441,0.5,109,126,146,38,6,0.25,4.2,14,2023-05-12 14:12:07.613681
6,中日,33,13,20,0,0.394,1.5,110,89,96,7,9,0.244,2.52,20,2023-05-12 14:12:07.613681
1,DeNA,32,19,13,0,0.594,-,111,123,117,29,7,0.258,3.39,19,2023-05-13 14:11:15.610109
1,阪神,33,19,13,1,0.594,-,110,118,91,16,17,0.24,2.57,16,2023-05-13 14:11:15.610109
3,広島,33,17,16,0,0.515,2.5,110,111,98,24,11,0.248,2.71,15,2023-05-13 14:11:15.610109
4,ヤクルト,35,16,18,1,0.471,1.5,108,113,130,30,26,0.223,3.47,14,2023-05-13 14:11:15.610109
5,巨人,35,16,19,0,0.457,0.5,108,131,150,39,7,0.251,4.15,14,2023-05-13 14:11:15.610109
6,中日,34,13,21,0,0.382,2.5,109,90,100,8,9,0.245,2.55,23,2023-05-13 14:11:15.610109
1,阪神,34,20,13,1,0.606,-,109,133,98,18,17,0.25,2.67,16,2023-05-14 14:11:28.692281
2,DeNA,33,19,14,0,0.576,1,110,130,132,32,7,0.263,3.76,19,2023-05-14 14:11:28.692281
3,広島,34,18,16,0,0.529,1.5,109,118,100,25,11,0.248,2.69,15,2023-05-14 14:11:28.692281
4,ヤクルト,36,17,18,1,0.486,1.5,107,121,135,31,26,0.224,3.52,14,2023-05-14 14:11:28.692281
5,巨人,36,16,20,0,0.444,1.5,107,133,157,40,8,0.248,4.2,15,2023-05-14 14:11:28.692281
6,中日,35,13,22,0,0.371,2.5,108,95,108,9,9,0.243,2.63,27,2023-05-14 14:11:28.692281
1,阪神,35,21,13,1,0.618,-,108,142,102,18,17,0.254,2.71,17,2023-05-16 14:12:42.612100
2,DeNA,34,19,15,0,0.559,2,109,135,139,34,7,0.263,3.85,19,2023-05-16 14:12:42.612100
3,広島,35,19,16,0,0.543,0.5,108,125,105,26,12,0.25,2.73,16,2023-05-16 14:12:42.612100
4,ヤクルト,37,17,19,1,0.472,2.5,106,129,144,33,26,0.227,3.67,14,2023-05-16 14:12:42.612100
5,巨人,37,17,20,0,0.459,0.5,106,142,165,41,8,0.253,4.31,15,2023-05-16 14:12:42.612100
6,中日,36,13,23,0,0.361,3.5,107,99,117,10,9,0.243,2.8,28,2023-05-16 14:12:42.612100
1,阪神,36,22,13,1,0.629,-,107,145,103,18,18,0.252,2.66,17,2023-05-17 14:12:30.332310
2,DeNA,35,20,15,0,0.571,2,108,142,143,37,7,0.263,3.86,19,2023-05-17 14:12:30.332310
3,広島,36,19,17,0,0.528,1.5,107,129,112,26,14,0.25,2.83,17,2023-05-17 14:12:30.332310
4,巨人,38,18,20,0,0.474,2,105,147,169,42,9,0.251,4.3,15,2023-05-17 14:12:30.332310
5,ヤクルト,38,17,20,1,0.459,0.5,105,133,149,35,26,0.228,3.67,16,2023-05-17 14:12:30.332310
6,中日,37,13,24,0,0.351,4,106,100,120,11,9,0.242,2.81,30,2023-05-17 14:12:30.332310
1,阪神,37,23,13,1,0.639,-,106,149,104,18,19,0.252,2.62,18,2023-05-18 14:12:15.264559
2,DeNA,36,21,15,0,0.583,2,107,155,146,38,7,0.269,3.83,19,2023-05-18 14:12:15.264559
3,広島,37,19,18,0,0.514,2.5,106,132,125,27,14,0.25,3.12,17,2023-05-18 14:12:15.264559
4,巨人,39,19,20,0,0.487,1,104,153,172,43,9,0.252,4.26,15,2023-05-18 14:12:15.264559
5,ヤクルト,39,17,21,1,0.447,1.5,104,136,155,37,27,0.226,3.63,17,2023-05-18 14:12:15.264559
6,中日,38,13,25,0,0.342,4,105,101,124,11,9,0.242,2.84,30,2023-05-18 14:12:15.264559
1,阪神,38,23,14,1,0.622,-,105,156,114,21,19,0.253,2.79,20,2023-05-19 14:12:16.331882
2,DeNA,36,21,15,0,0.583,1.5,107,155,146,38,7,0.269,3.83,19,2023-05-19 14:12:16.331882
3,広島,38,20,18,0,0.526,2,105,142,132,28,15,0.252,3.22,17,2023-05-19 14:12:16.331882
4,巨人,39,19,20,0,0.487,1.5,104,153,172,43,9,0.252,4.26,15,2023-05-19 14:12:16.331882
1,阪神,39,24,14,1,0.632,-,104,157,114,21,19,0.252,2.72,21,2023-05-20 14:12:23.045419
2,DeNA,37,22,15,0,0.595,1.5,106,160,149,38,7,0.27,3.81,19,2023-05-20 14:12:23.045419
3,広島,39,20,19,0,0.513,3,104,142,133,28,15,0.251,3.17,17,2023-05-20 14:12:23.045419
4,巨人,40,20,20,0,0.5,0.5,103,159,174,44,9,0.251,4.21,15,2023-05-20 14:12:23.045419
5,ヤクルト,40,17,22,1,0.436,2.5,103,139,160,38,27,0.227,3.65,18,2023-05-20 14:12:23.045419
6,中日,39,13,26,0,0.333,4,104,103,130,12,9,0.241,2.93,31,2023-05-20 14:12:23.045419
1,阪神,40,25,14,1,0.641,-,103,161,115,21,20,0.252,2.65,23,2023-05-21 14:11:29.975517
2,DeNA,38,22,15,1,0.595,2,105,163,152,38,8,0.269,3.76,19,2023-05-21 14:11:29.975517
3,巨人,41,21,20,0,0.512,3,102,164,176,46,9,0.252,4.15,15,2023-05-21 14:11:29.975517
4,広島,40,20,20,0,0.5,0.5,103,143,137,28,17,0.249,3.17,18,2023-05-21 14:11:29.975517
5,ヤクルト,41,17,22,2,0.436,2.5,102,142,163,40,27,0.228,3.6,18,2023-05-21 14:11:29.975517
6,中日,40,13,27,0,0.325,4.5,103,105,135,13,9,0.24,2.99,32,2023-05-21 14:11:29.975517
1,阪神,41,26,14,1,0.65,-,102,167,118,22,22,0.252,2.66,23,2023-05-23 14:13:27.910250
2,DeNA,39,23,15,1,0.605,2,104,169,155,39,8,0.269,3.74,20,2023-05-23 14:13:27.910250
3,巨人,42,21,21,0,0.5,4,101,167,182,48,9,0.25,4.2,15,2023-05-23 14:13:27.910250
4,広島,41,20,21,0,0.488,0.5,102,144,140,29,17,0.248,3.17,18,2023-05-23 14:13:27.910250
5,ヤクルト,42,17,23,2,0.425,2.5,101,145,169,41,27,0.228,3.66,18,2023-05-23 14:13:27.910250
6,中日,41,14,27,0,0.341,3.5,102,108,136,13,9,0.239,2.94,32,2023-05-23 14:13:27.910250
1,阪神,42,27,14,1,0.659,-,101,173,123,22,22,0.254,2.71,24,2023-05-24 14:12:48.572008
2,DeNA,40,23,16,1,0.59,3,103,169,156,39,8,0.267,3.68,21,2023-05-24 14:12:48.572008
3,巨人,43,22,21,0,0.512,3,100,168,182,49,10,0.25,4.1,15,2023-05-24 14:12:48.572008
4,広島,42,21,21,0,0.5,0.5,101,150,142,31,17,0.248,3.12,19,2023-05-24 14:12:48.572008
5,ヤクルト,43,17,24,2,0.415,3.5,100,150,175,41,27,0.229,3.69,19,2023-05-24 14:12:48.572008
6,中日,42,14,28,0,0.333,3.5,101,110,142,13,9,0.239,3.0,33,2023-05-24 14:12:48.572008
1,阪神,43,28,14,1,0.667,-,100,180,127,25,23,0.254,2.74,24,2023-05-25 14:12:43.853009
2,DeNA,41,23,17,1,0.575,4,102,173,161,41,8,0.267,3.72,21,2023-05-25 14:12:43.853009
3,巨人,44,23,21,0,0.523,2,99,173,186,50,10,0.253,4.1,15,2023-05-25 14:12:43.853009
4,広島,43,21,22,0,0.488,1.5,100,152,150,31,18,0.248,3.16,21,2023-05-25 14:12:43.853009
5,ヤクルト,44,17,25,2,0.405,3.5,99,154,182,42,27,0.228,3.76,19,2023-05-25 14:12:43.853009
6,中日,43,15,28,0,0.349,2.5,100,118,144,15,9,0.24,2.98,33,2023-05-25 14:12:43.853009
1,阪神,44,29,14,1,0.674,-,99,182,128,25,23,0.254,2.7,25,2023-05-26 14:12:08.401757
2,DeNA,42,23,18,1,0.561,5,101,173,162,41,8,0.264,3.66,21,2023-05-26 14:12:08.401757
3,巨人,45,23,22,0,0.511,2,98,174,188,50,11,0.252,4.06,15,2023-05-26 14:12:08.401757
4,広島,44,22,22,0,0.5,0.5,99,158,154,32,19,0.249,3.18,22,2023-05-26 14:12:08.401757
5,ヤクルト,45,17,26,2,0.395,4.5,98,158,188,42,27,0.23,3.82,19,2023-05-26 14:12:08.401757
6,中日,44,16,28,0,0.364,1.5,99,119,144,16,10,0.239,2.91,33,2023-05-26 14:12:08.401757
1,阪神,45,30,14,1,0.682,-,98,185,130,25,23,0.253,2.68,26,2023-05-27 14:12:27.037255
2,DeNA,43,23,19,1,0.548,6,100,175,165,41,8,0.264,3.65,21,2023-05-27 14:12:27.037255
3,広島,45,23,22,0,0.511,1.5,98,162,155,32,19,0.249,3.13,22,2023-05-27 14:12:27.037255
4,巨人,46,23,23,0,0.5,0.5,97,176,191,51,11,0.251,4.02,17,2023-05-27 14:12:27.037255
5,ヤクルト,46,17,27,2,0.386,5,97,159,192,42,27,0.23,3.83,20,2023-05-27 14:12:27.037255
6,中日,45,17,28,0,0.378,0.5,98,122,146,18,10,0.241,2.89,33,2023-05-27 14:12:27.037255
1,阪神,46,31,14,1,0.689,-,97,189,131,26,23,0.253,2.64,26,2023-05-28 14:11:12.700068
2,DeNA,44,24,19,1,0.558,6,99,178,166,41,8,0.263,3.59,21,2023-05-28 14:11:12.700068
3,広島,46,24,22,0,0.522,1.5,97,165,156,33,20,0.249,3.08,23,2023-05-28 14:11:12.700068
4,巨人,47,23,24,0,0.489,1.5,96,177,195,52,11,0.249,4.01,18,2023-05-28 14:11:12.700068
5,ヤクルト,47,17,28,2,0.378,5,96,160,195,43,27,0.229,3.82,20,2023-05-28 14:11:12.700068
6,中日,46,17,29,0,0.37,0.5,97,123,149,18,10,0.239,2.82,35,2023-05-28 14:11:12.700068
1,阪神,47,32,14,1,0.696,-,96,192,132,26,24,0.252,2.61,26,2023-05-30 14:12:20.421448
2,DeNA,45,25,19,1,0.568,6,98,181,168,42,8,0.264,3.56,21,2023-05-30 14:12:20.421448
3,広島,47,24,23,0,0.511,2.5,96,165,160,33,21,0.245,3.11,23,2023-05-30 14:12:20.421448
4,巨人,48,23,25,0,0.479,1.5,95,178,197,52,12,0.247,3.98,18,2023-05-30 14:12:20.421448
5,ヤクルト,48,17,29,2,0.37,5,95,161,197,43,28,0.229,3.79,21,2023-05-30 14:12:20.421448
6,中日,47,17,30,0,0.362,0.5,96,128,162,20,10,0.242,2.99,36,2023-05-30 14:12:20.421448
1,阪神,48,32,15,1,0.681,-,95,192,136,26,25,0.25,2.62,28,2023-05-31 14:11:57.667591
2,DeNA,46,25,20,1,0.556,6,97,182,171,43,9,0.262,3.55,21,2023-05-31 14:11:57.667591
3,広島,48,25,23,0,0.521,1.5,95,168,161,34,21,0.245,3.07,24,2023-05-31 14:11:57.667591
4,巨人,49,24,25,0,0.49,1.5,94,185,201,56,12,0.247,3.98,18,2023-05-31 14:11:57.667591
5,中日,48,18,30,0,0.375,5.5,95,135,163,21,11,0.242,2.94,36,2023-05-31 14:11:57.667591
6,ヤクルト,49,17,30,2,0.362,0.5,94,163,202,43,28,0.229,3.83,22,2023-05-31 14:11:57.667591
1,阪神,49,32,16,1,0.667,-,94,194,140,26,26,0.249,2.66,28,2023-06-01 14:12:49.949468
2,DeNA,47,26,20,1,0.565,5,96,193,174,44,9,0.265,3.47,23,2023-06-01 14:12:49.949468
3,広島,49,25,24,0,0.51,2.5,94,170,170,34,22,0.243,3.18,25,2023-06-01 14:12:49.949468
4,巨人,50,25,25,0,0.5,0.5,93,188,203,57,12,0.248,3.94,19,2023-06-01 14:12:49.949468
5,中日,49,19,30,0,0.388,5.5,94,141,168,22,11,0.243,2.97,37,2023-06-01 14:12:49.949468
6,ヤクルト,50,18,30,2,0.375,0.5,93,168,202,44,28,0.231,3.75,23,2023-06-01 14:12:49.949468
3,広島,50,25,25,0,0.5,3,93,171,175,35,23,0.243,3.21,25,2023-06-02 14:12:22.772712
4,巨人,51,25,26,0,0.49,0.5,92,190,211,58,12,0.249,4.02,20,2023-06-02 14:12:22.772712
5,中日,50,20,30,0,0.4,4.5,93,143,169,22,12,0.244,2.91,37,2023-06-02 14:12:22.772712
6,ヤクルト,50,18,30,2,0.375,1,93,168,202,44,28,0.231,3.75,23,2023-06-02 14:12:22.772712
1,阪神,50,33,16,1,0.673,-,93,200,145,27,26,0.248,2.67,30,2023-06-03 14:10:47.539683
2,DeNA,48,27,20,1,0.574,5,95,199,176,44,9,0.267,3.44,23,2023-06-03 14:10:47.539683
3,広島,51,26,25,0,0.51,3,92,175,177,35,23,0.244,3.19,28,2023-06-03 14:10:47.539683
4,巨人,52,26,26,0,0.5,0.5,91,193,213,58,14,0.251,3.97,21,2023-06-03 14:10:47.539683
5,中日,51,20,31,0,0.392,5.5,92,144,174,22,12,0.242,2.95,38,2023-06-03 14:10:47.539683
6,ヤクルト,51,19,30,2,0.388,0,92,177,207,46,28,0.234,3.77,23,2023-06-03 14:10:47.539683
1,阪神,51,34,16,1,0.68,-,92,202,145,28,27,0.247,2.62,30,2023-06-04 14:10:59.659243
2,DeNA,49,28,20,1,0.583,5,94,204,180,44,9,0.266,3.46,23,2023-06-04 14:10:59.659243
3,広島,52,26,26,0,0.5,4,91,177,180,35,24,0.244,3.19,29,2023-06-04 14:10:59.659243
4,巨人,53,26,27,0,0.491,0.5,90,196,223,60,14,0.252,4.09,21,2023-06-04 14:10:59.659243
5,ヤクルト,52,20,30,2,0.4,4.5,91,182,209,47,28,0.235,3.74,23,2023-06-04 14:10:59.659243
6,中日,52,20,32,0,0.385,1,91,144,179,22,12,0.24,2.99,38,2023-06-04 14:10:59.659243
1,阪神,53,34,17,2,0.667,-,90,210,156,29,27,0.246,2.72,32,2023-06-06 14:12:22.205288
2,DeNA,51,28,22,1,0.56,5.5,92,209,188,44,9,0.265,3.48,24,2023-06-06 14:12:22.205288
3,広島,53,27,26,0,0.509,2.5,90,180,182,35,24,0.244,3.16,29,2023-06-06 14:12:22.205288
4,巨人,54,26,28,0,0.481,1.5,89,197,225,60,14,0.25,4.05,21,2023-06-06 14:12:22.205288
5,ヤクルト,53,21,30,2,0.412,3.5,90,192,212,48,28,0.236,3.73,24,2023-06-06 14:12:22.205288
6,中日,53,21,32,0,0.396,1,90,146,180,22,12,0.24,2.96,39,2023-06-06 14:12:22.205288
1,阪神,54,35,17,2,0.673,-,89,221,159,30,27,0.249,2.7,33,2023-06-07 14:12:26.757953
2,DeNA,52,28,23,1,0.549,6.5,91,209,192,44,9,0.263,3.46,25,2023-06-07 14:12:26.757953
3,広島,54,28,26,0,0.519,1.5,89,181,182,36,24,0.241,3.1,29,2023-06-07 14:12:26.757953
4,巨人,55,27,28,0,0.491,1.5,88,207,225,62,14,0.253,3.98,21,2023-06-07 14:12:26.757953
5,ヤクルト,54,21,31,2,0.404,4.5,89,192,218,48,28,0.234,3.78,24,2023-06-07 14:12:26.757953
6,中日,54,21,33,0,0.389,1,89,147,182,22,16,0.24,2.94,40,2023-06-07 14:12:26.757953
1,阪神,55,35,18,2,0.66,-,88,225,165,30,27,0.247,2.77,34,2023-06-08 14:12:19.222984
2,DeNA,53,29,23,1,0.558,5.5,90,215,197,44,9,0.263,3.49,25,2023-06-08 14:12:19.222984
3,広島,55,29,26,0,0.527,1.5,88,188,184,37,25,0.24,3.08,30,2023-06-08 14:12:19.222984
4,巨人,56,28,28,0,0.5,1.5,87,213,225,64,14,0.253,3.9,21,2023-06-08 14:12:19.222984
5,中日,55,22,33,0,0.4,5.5,88,155,184,24,18,0.242,2.92,40,2023-06-08 14:12:19.222984
6,ヤクルト,55,21,32,2,0.396,0,88,194,221,49,28,0.233,3.75,25,2023-06-08 14:12:19.222984
1,阪神,56,35,19,2,0.648,-,87,225,169,30,29,0.246,2.78,35,2023-06-09 14:12:38.341170
2,DeNA,54,30,23,1,0.566,4.5,89,219,199,44,10,0.262,3.44,27,2023-06-09 14:12:38.341170
3,広島,56,30,26,0,0.536,1.5,87,191,186,37,26,0.241,3.06,30,2023-06-09 14:12:38.341170
4,巨人,57,28,29,0,0.491,2.5,86,214,230,65,14,0.252,3.93,21,2023-06-09 14:12:38.341170
5,中日,56,22,34,0,0.393,5.5,87,159,189,24,19,0.243,2.95,40,2023-06-09 14:12:38.341170
6,ヤクルト,56,21,33,2,0.389,0,87,195,223,49,29,0.232,3.73,25,2023-06-09 14:12:38.341170
1,阪神,57,35,20,2,0.636,-,86,228,173,30,29,0.246,2.8,35,2023-06-10 14:11:18.720378
2,DeNA,55,30,24,1,0.556,4.5,88,222,206,44,10,0.261,3.5,29,2023-06-10 14:11:18.720378
3,広島,57,30,27,0,0.526,1.5,86,195,191,38,27,0.241,3.1,30,2023-06-10 14:11:18.720378
4,巨人,58,29,29,0,0.5,1.5,85,224,236,68,15,0.253,3.96,21,2023-06-10 14:11:18.720378
5,ヤクルト,57,22,33,2,0.4,5.5,86,197,223,49,29,0.232,3.66,25,2023-06-10 14:11:18.720378
6,中日,57,22,35,0,0.386,1,86,159,190,24,19,0.241,2.92,40,2023-06-10 14:11:18.720378
1,阪神,58,36,20,2,0.643,-,85,229,173,30,33,0.244,2.75,36,2023-06-11 14:11:34.175590
2,DeNA,56,31,24,1,0.564,4.5,87,230,210,47,10,0.26,3.5,29,2023-06-11 14:11:34.175590
3,広島,58,30,28,0,0.517,2.5,85,200,197,38,28,0.242,3.16,31,2023-06-11 14:11:34.175590
4,巨人,59,30,29,0,0.508,0.5,84,228,238,70,17,0.253,3.93,21,2023-06-11 14:11:34.175590
5,ヤクルト,58,23,33,2,0.411,5.5,85,200,225,49,29,0.232,3.63,25,2023-06-11 14:11:34.175590
6,中日,57,22,35,0,0.386,1.5,86,159,190,24,19,0.241,2.92,40,2023-06-11 14:11:34.175590
1,阪神,59,36,21,2,0.632,-,84,229,175,30,33,0.242,2.72,39,2023-06-13 14:12:31.427247
2,DeNA,57,32,24,1,0.571,3.5,86,235,213,47,11,0.261,3.5,29,2023-06-13 14:12:31.427247
3,巨人,60,31,29,0,0.517,3,83,231,238,71,17,0.253,3.86,21,2023-06-13 14:12:31.427247
4,広島,59,30,29,0,0.508,0.5,84,203,203,38,28,0.242,3.21,31,2023-06-13 14:12:31.427247
5,ヤクルト,59,23,34,2,0.404,6,84,201,230,50,29,0.232,3.66,25,2023-06-13 14:12:31.427247
6,中日,58,23,35,0,0.397,0.5,85,166,190,26,20,0.243,2.87,40,2023-06-13 14:12:31.427247
1,阪神,60,37,21,2,0.638,-,83,237,178,30,33,0.243,2.71,40,2023-06-14 14:12:21.497310
2,DeNA,58,33,24,1,0.579,3.5,85,237,214,47,11,0.261,3.45,29,2023-06-14 14:12:21.497310
3,巨人,61,32,29,0,0.525,3,82,238,239,72,18,0.256,3.81,21,2023-06-14 14:12:21.497310
4,広島,60,31,29,0,0.517,0.5,83,207,206,38,29,0.244,3.19,32,2023-06-14 14:12:21.497310
5,ヤクルト,60,23,35,2,0.397,7,83,203,233,50,29,0.233,3.64,25,2023-06-14 14:12:21.497310
6,中日,59,23,36,0,0.39,0.5,84,167,192,26,20,0.243,2.85,40,2023-06-14 14:12:21.497310
1,阪神,61,37,22,2,0.627,-,82,239,181,30,33,0.243,2.72,40,2023-06-16 02:52:42.021778
2,DeNA,58,33,24,1,0.579,3,85,237,214,47,11,0.261,3.45,29,2023-06-16 02:52:42.021778
3,巨人,62,33,29,0,0.532,2.5,81,241,241,73,19,0.255,3.78,22,2023-06-16 02:52:42.021778
4,広島,61,31,30,0,0.508,1.5,82,214,217,38,29,0.244,3.28,34,2023-06-16 02:52:42.021778
5,ヤクルト,61,23,36,2,0.39,7,82,210,242,51,30,0.233,3.73,25,2023-06-16 02:52:42.021778
5,中日,60,23,36,1,0.39,0,83,168,193,26,21,0.241,2.81,42,2023-06-16 02:52:42.021778
1,阪神,62,38,22,2,0.633,-,81,243,182,31,33,0.242,2.69,40,2023-06-16 14:12:22.994444
2,DeNA,59,33,25,1,0.569,4,84,239,219,47,11,0.26,3.48,29,2023-06-16 14:12:22.994444
3,巨人,63,34,29,0,0.54,1.5,80,247,246,76,20,0.257,3.8,22,2023-06-16 14:12:22.994444
4,広島,62,32,30,0,0.516,1.5,81,216,217,40,31,0.243,3.23,34,2023-06-16 14:12:22.994444
5,ヤクルト,62,23,37,2,0.383,8,81,211,246,51,30,0.231,3.71,25,2023-06-16 14:12:22.994444
5,中日,61,23,37,1,0.383,0,82,169,195,27,21,0.239,2.79,42,2023-06-16 14:12:22.994444
1,阪神,63,38,23,2,0.623,-,80,247,188,31,33,0.242,2.73,41,2023-06-17 14:11:19.578859
2,DeNA,60,34,25,1,0.576,3,83,249,220,48,11,0.261,3.44,29,2023-06-17 14:11:19.578859
3,巨人,64,34,30,0,0.531,2.5,79,248,248,77,20,0.256,3.77,22,2023-06-17 14:11:19.578859
4,広島,63,33,30,0,0.524,0.5,80,222,221,40,33,0.245,3.24,35,2023-06-17 14:11:19.578859
5,ヤクルト,63,23,38,2,0.377,9,80,216,254,54,30,0.232,3.77,26,2023-06-17 14:11:19.578859
5,中日,62,23,38,1,0.377,0,81,172,201,27,21,0.238,2.85,43,2023-06-17 14:11:19.578859
1,阪神,64,38,24,2,0.613,-,79,247,197,31,36,0.241,2.81,43,2023-06-18 14:11:32.281000
2,DeNA,61,35,25,1,0.583,2,82,255,221,49,12,0.262,3.4,29,2023-06-18 14:11:32.281000
3,巨人,65,34,31,0,0.523,3.5,78,249,250,77,20,0.256,3.73,23,2023-06-18 14:11:32.281000
4,広島,64,33,31,0,0.516,0.5,79,226,232,40,33,0.246,3.3,36,2023-06-18 14:11:32.281000
5,ヤクルト,64,23,39,2,0.371,9,79,216,260,54,30,0.233,3.8,26,2023-06-18 14:11:32.281000
5,中日,63,23,39,1,0.371,0,80,172,205,27,21,0.236,2.86,44,2023-06-18 14:11:32.281000
2,DeNA,62,35,26,1,0.574,2.5,81,258,225,49,13,0.261,3.4,30,2023-06-19 14:13:18.086638
3,巨人,65,34,31,0,0.523,3,78,249,250,77,20,0.256,3.73,23,2023-06-19 14:13:18.086638
5,ヤクルト,65,24,39,2,0.381,8.5,78,229,260,56,32,0.235,3.74,26,2023-06-20 14:12:17.961739
6,中日,63,23,39,1,0.371,0.5,80,172,205,27,21,0.236,2.86,44,2023-06-20 14:12:17.961739
5,中日,64,24,39,1,0.381,0,79,177,207,28,21,0.237,2.82,46,2023-06-21 14:12:24.817780
1,阪神,65,38,25,2,0.603,-,78,248,200,32,36,0.24,2.82,44,2023-06-23 14:13:52.113050
2,DeNA,63,36,26,1,0.581,1.5,80,261,226,50,13,0.261,3.36,30,2023-06-23 14:13:52.113050
3,巨人,66,35,31,0,0.53,3,77,254,253,79,20,0.256,3.71,24,2023-06-23 14:13:52.113050
4,広島,65,33,32,0,0.508,1.5,78,229,237,41,33,0.246,3.33,36,2023-06-23 14:13:52.113050
5,ヤクルト,66,25,39,2,0.391,7.5,77,233,260,56,32,0.235,3.69,26,2023-06-23 14:13:52.113050
6,中日,65,24,40,1,0.375,1,78,177,211,28,21,0.237,2.84,46,2023-06-23 14:13:52.113050
1,阪神,66,38,26,2,0.594,-,77,248,202,32,36,0.239,2.81,45,2023-06-24 14:13:10.085839
2,DeNA,64,37,26,1,0.587,0.5,79,263,226,50,15,0.26,3.31,30,2023-06-24 14:13:10.085839
3,巨人,67,35,32,0,0.522,4,76,255,256,79,21,0.255,3.71,24,2023-06-24 14:13:10.085839
4,広島,66,34,32,0,0.515,0.5,77,232,238,42,34,0.245,3.29,37,2023-06-24 14:13:10.085839
5,ヤクルト,67,25,40,2,0.385,8.5,76,234,263,56,33,0.233,3.68,26,2023-06-24 14:13:10.085839
5,中日,66,25,40,1,0.385,0,77,180,212,29,21,0.236,2.81,46,2023-06-24 14:13:10.085839
1,DeNA,65,38,26,1,0.594,-,78,268,229,50,15,0.261,3.3,30,2023-06-25 14:13:08.262208
2,阪神,67,38,27,2,0.585,0.5,76,251,207,32,36,0.239,2.85,46,2023-06-25 14:13:08.262208
3,広島,67,35,32,0,0.522,4,76,235,240,43,34,0.246,3.27,37,2023-06-25 14:13:08.262208
4,巨人,68,35,33,0,0.515,0.5,75,257,259,79,21,0.256,3.71,24,2023-06-25 14:13:08.262208
5,中日,67,26,40,1,0.394,8,76,185,213,29,22,0.238,2.78,46,2023-06-25 14:13:08.262208
6,ヤクルト,68,25,41,2,0.379,1,75,235,268,57,33,0.233,3.71,26,2023-06-25 14:13:08.262208
1,阪神,68,39,27,2,0.591,-,75,262,210,33,37,0.24,2.85,46,2023-06-27 14:14:08.065619
2,DeNA,66,38,27,1,0.585,0.5,77,270,232,50,15,0.261,3.3,30,2023-06-27 14:14:08.065619
3,広島,68,36,32,0,0.529,3.5,75,238,242,43,34,0.246,3.26,38,2023-06-27 14:14:08.065619
4,巨人,68,35,33,0,0.515,1,75,257,259,79,21,0.256,3.71,24,2023-06-27 14:14:08.065619
5,中日,68,26,41,1,0.388,8.5,75,188,224,30,22,0.238,2.89,47,2023-06-27 14:14:08.065619
6,ヤクルト,68,25,41,2,0.379,0.5,75,235,268,57,33,0.233,3.71,26,2023-06-27 14:14:08.065619
1,阪神,69,39,28,2,0.582,-,74,264,214,33,38,0.24,2.86,46,2023-06-28 14:13:58.934134
2,DeNA,67,38,28,1,0.576,0.5,76,272,238,51,15,0.261,3.35,30,2023-06-28 14:13:58.934134
3,広島,69,37,32,0,0.536,2.5,74,244,244,45,34,0.246,3.24,38,2023-06-28 14:13:58.934134
4,巨人,69,35,34,0,0.507,2,74,257,265,79,21,0.255,3.76,25,2023-06-28 14:13:58.934134
5,中日,69,27,41,1,0.397,7.5,74,192,226,30,22,0.238,2.88,47,2023-06-28 14:13:58.934134
6,ヤクルト,69,26,41,2,0.388,0.5,74,241,268,59,33,0.234,3.67,26,2023-06-28 14:13:58.934134
1,阪神,70,40,28,2,0.588,-,73,272,214,34,39,0.242,2.82,46,2023-06-29 14:13:44.857435
2,DeNA,68,38,29,1,0.567,1.5,75,275,243,52,15,0.26,3.38,30,2023-06-29 14:13:44.857435
3,広島,70,38,32,0,0.543,1.5,73,249,247,45,35,0.248,3.22,39,2023-06-29 14:13:44.857435
4,巨人,69,35,34,0,0.507,2.5,74,257,265,79,21,0.255,3.76,25,2023-06-29 14:13:44.857435
5,中日,70,27,42,1,0.391,8,73,192,234,30,22,0.237,2.93,49,2023-06-29 14:13:44.857435
6,ヤクルト,69,26,41,2,0.388,0,74,241,268,59,33,0.234,3.67,26,2023-06-29 14:13:44.857435
1,阪神,71,40,29,2,0.58,-,72,273,216,35,39,0.241,2.8,46,2023-06-30 14:13:23.362360
2,DeNA,69,38,30,1,0.559,1.5,74,276,245,52,16,0.26,3.36,30,2023-06-30 14:13:23.362360
3,広島,71,39,32,0,0.549,0.5,72,257,247,47,35,0.249,3.17,39,2023-06-30 14:13:23.362360
4,巨人,70,36,34,0,0.514,2.5,73,259,266,80,21,0.253,3.71,25,2023-06-30 14:13:23.362360
5,中日,71,28,42,1,0.4,8,72,194,235,30,22,0.236,2.9,49,2023-06-30 14:13:23.362360
6,ヤクルト,70,26,42,2,0.382,1,73,241,276,59,33,0.233,3.73,26,2023-06-30 14:13:23.362360
1,阪神,72,41,29,2,0.586,-,71,276,216,36,39,0.24,2.77,46,2023-07-01 14:12:21.218950
2,DeNA,70,38,30,2,0.559,2,73,278,247,52,17,0.259,3.31,31,2023-07-01 14:12:21.218950
3,広島,72,39,33,0,0.542,1,71,259,250,47,37,0.249,3.17,39,2023-07-01 14:12:21.218950
4,巨人,71,36,35,0,0.507,2.5,72,259,269,80,21,0.252,3.69,26,2023-07-01 14:12:21.218950
5,中日,72,28,42,2,0.4,7.5,71,196,237,30,22,0.236,2.87,49,2023-07-01 14:12:21.218950
6,ヤクルト,71,27,42,2,0.391,0.5,72,244,278,60,33,0.232,3.71,28,2023-07-01 14:12:21.218950
1,阪神,73,41,29,3,0.586,-,70,278,218,36,39,0.238,2.74,46,2023-07-02 14:12:25.898608
2,DeNA,71,39,30,2,0.565,1.5,72,281,249,52,17,0.258,3.29,31,2023-07-02 14:12:25.898608
3,広島,73,39,34,0,0.534,2,70,261,254,47,37,0.248,3.19,39,2023-07-02 14:12:25.898608
4,巨人,72,36,35,1,0.507,2,71,261,271,82,22,0.25,3.65,26,2023-07-02 14:12:25.898608
5,ヤクルト,72,28,42,2,0.4,7.5,71,248,280,61,33,0.232,3.69,28,2023-07-02 14:12:25.898608
6,中日,73,28,43,2,0.394,0.5,70,198,240,31,22,0.236,2.88,49,2023-07-02 14:12:25.898608
1,阪神,74,41,30,3,0.577,-,69,279,227,37,39,0.239,2.83,46,2023-07-04 14:14:16.953327
2,DeNA,72,39,31,2,0.557,1.5,71,284,253,52,17,0.258,3.3,31,2023-07-04 14:14:16.953327
3,広島,74,40,34,0,0.541,1,69,270,255,49,37,0.25,3.16,39,2023-07-04 14:14:16.953327
4,巨人,73,37,35,1,0.514,2,70,266,272,84,22,0.25,3.61,26,2023-07-04 14:14:16.953327
5,ヤクルト,73,29,42,2,0.408,7.5,70,252,283,61,34,0.233,3.66,29,2023-07-04 14:14:16.953327
6,中日,74,28,44,2,0.389,1.5,69,199,245,31,22,0.235,2.91,49,2023-07-04 14:14:16.953327
1,阪神,75,42,30,3,0.583,-,68,281,227,38,39,0.238,2.79,46,2023-07-05 14:15:14.076783
2,DeNA,73,39,32,2,0.549,2.5,70,288,258,52,17,0.256,3.3,31,2023-07-05 14:15:14.076783
3,広島,75,40,35,0,0.533,1,68,270,257,49,37,0.249,3.13,40,2023-07-05 14:15:14.076783
4,巨人,74,38,35,1,0.521,1,69,273,278,85,23,0.251,3.62,26,2023-07-05 14:15:14.076783
5,ヤクルト,74,30,42,2,0.417,7.5,69,257,287,61,36,0.233,3.65,29,2023-07-05 14:15:14.076783
6,中日,75,28,45,2,0.384,2.5,68,205,252,32,22,0.236,2.95,49,2023-07-05 14:15:14.076783
1,阪神,76,42,31,3,0.575,-,67,281,231,38,39,0.237,2.81,46,2023-07-06 14:15:01.662140
2,DeNA,74,40,32,2,0.556,1.5,69,291,260,52,17,0.255,3.28,31,2023-07-06 14:15:01.662140
3,広島,76,41,35,0,0.539,1,67,274,257,50,38,0.248,3.09,40,2023-07-06 14:15:01.662140
4,巨人,74,38,35,1,0.521,1.5,69,273,278,85,23,0.251,3.62,26,2023-07-06 14:15:01.662140
5,ヤクルト,75,30,43,2,0.411,8,68,259,290,61,38,0.231,3.61,31,2023-07-06 14:15:01.662140
6,中日,75,28,45,2,0.384,2,68,205,252,32,22,0.236,2.95,49,2023-07-06 14:15:01.662140
2,DeNA,75,41,32,2,0.562,1,68,293,261,53,17,0.255,3.25,32,2023-07-07 14:14:14.578907
3,広島,77,41,36,0,0.532,2,66,274,265,50,38,0.247,3.16,40,2023-07-07 14:14:14.578907
4,巨人,75,38,36,1,0.514,1.5,68,274,280,86,23,0.25,3.6,26,2023-07-07 14:14:14.578907
5,ヤクルト,75,30,43,2,0.411,7.5,68,259,290,61,38,0.231,3.61,31,2023-07-07 14:14:14.578907
6,中日,76,29,45,2,0.392,1.5,67,213,252,32,22,0.238,2.91,49,2023-07-07 14:14:14.578907
1,阪神,77,42,32,3,0.568,-,66,283,234,38,39,0.237,2.82,46,2023-07-08 14:12:42.101775
2,DeNA,76,41,33,2,0.554,1,67,293,267,53,17,0.254,3.28,33,2023-07-08 14:12:42.101775
3,広島,78,41,37,0,0.526,2,65,275,270,50,38,0.247,3.19,40,2023-07-08 14:12:42.101775
4,巨人,76,39,36,1,0.52,0.5,67,280,280,87,24,0.252,3.55,26,2023-07-08 14:12:42.101775
5,ヤクルト,76,31,43,2,0.419,7.5,67,262,292,61,40,0.232,3.58,32,2023-07-08 14:12:42.101775
6,中日,77,30,45,2,0.4,1.5,66,218,253,32,22,0.239,2.89,49,2023-07-08 14:12:42.101775
1,阪神,78,43,32,3,0.573,-,65,284,234,39,39,0.236,2.78,46,2023-07-09 14:12:53.384738
2,DeNA,77,42,33,2,0.56,1,66,294,267,54,17,0.253,3.22,33,2023-07-09 14:12:53.384738
3,広島,79,42,37,0,0.532,2,64,278,272,51,39,0.247,3.17,40,2023-07-09 14:12:53.384738
4,巨人,77,39,37,1,0.513,1.5,66,280,281,87,24,0.25,3.51,28,2023-07-09 14:12:53.384738
5,ヤクルト,77,31,44,2,0.413,7.5,66,262,293,61,41,0.232,3.56,32,2023-07-09 14:12:53.384738
6,中日,78,30,46,2,0.395,1.5,65,220,256,33,22,0.239,2.89,49,2023-07-09 14:12:53.384738
1,阪神,79,44,32,3,0.579,-,64,291,236,39,39,0.237,2.77,46,2023-07-11 14:14:11.521655
2,DeNA,78,42,34,2,0.553,2,65,296,274,54,17,0.253,3.23,34,2023-07-11 14:14:11.521655
3,広島,80,42,38,0,0.525,2,63,278,276,51,40,0.247,3.19,41,2023-07-11 14:14:11.521655
4,巨人,78,40,37,1,0.519,0.5,65,284,281,90,24,0.249,3.46,28,2023-07-11 14:14:11.521655
5,ヤクルト,78,31,45,2,0.408,8.5,65,264,298,61,41,0.232,3.57,34,2023-07-11 14:14:11.521655
6,中日,79,31,46,2,0.403,0.5,64,225,258,36,22,0.238,2.88,49,2023-07-11 14:14:11.521655
1,阪神,80,45,32,3,0.584,-,63,296,240,40,40,0.237,2.79,46,2023-07-12 14:13:53.673401
2,DeNA,79,42,35,2,0.545,3,64,300,279,56,18,0.253,3.24,36,2023-07-12 14:13:53.673401
3,広島,81,43,38,0,0.531,1,62,280,276,52,40,0.246,3.15,41,2023-07-12 14:13:53.673401
4,巨人,79,40,38,1,0.513,1.5,64,284,283,90,24,0.25,3.44,28,2023-07-12 14:13:53.673401
5,ヤクルト,79,32,45,2,0.416,7.5,64,272,303,64,42,0.233,3.57,35,2023-07-12 14:13:53.673401
6,中日,80,31,47,2,0.397,1.5,63,230,266,37,24,0.24,2.94,50,2023-07-12 14:13:53.673401
1,阪神,81,45,33,3,0.577,-,62,296,244,40,40,0.237,2.8,46,2023-07-13 14:14:16.343987
2,DeNA,80,43,35,2,0.551,2,63,304,279,57,18,0.254,3.2,37,2023-07-13 14:14:16.343987
3,広島,82,44,38,0,0.537,1,61,286,277,52,41,0.246,3.11,42,2023-07-13 14:14:16.343987
4,巨人,80,40,39,1,0.506,2.5,63,285,289,90,25,0.248,3.46,28,2023-07-13 14:14:16.343987
5,ヤクルト,80,32,46,2,0.41,7.5,63,274,307,66,43,0.232,3.57,35,2023-07-13 14:14:16.343987
6,中日,81,32,47,2,0.405,0.5,62,234,268,38,24,0.24,2.93,52,2023-07-13 14:14:16.343987
1,阪神,82,45,34,3,0.57,-,61,300,250,40,40,0.237,2.81,48,2023-07-15 14:12:46.545418
2,DeNA,81,43,36,2,0.544,2,62,305,281,57,18,0.252,3.19,37,2023-07-15 14:12:46.545418
3,広島,83,45,38,0,0.542,0,60,288,278,53,42,0.246,3.09,42,2023-07-15 14:12:46.545418
4,巨人,81,40,40,1,0.5,3.5,62,286,292,91,26,0.247,3.46,28,2023-07-15 14:12:46.545418
5,ヤクルト,81,33,46,2,0.418,6.5,62,277,308,67,43,0.233,3.54,35,2023-07-15 14:12:46.545418
6,中日,82,33,47,2,0.413,0.5,61,240,272,38,25,0.241,2.94,53,2023-07-15 14:12:46.545418
1,阪神,83,45,35,3,0.563,-,60,300,253,40,40,0.235,2.81,48,2023-07-16 14:12:46.373212
2,広島,84,46,38,0,0.548,1,59,291,280,54,45,0.246,3.07,42,2023-07-16 14:12:46.373212
3,DeNA,82,43,37,2,0.538,1,61,307,284,57,19,0.253,3.17,38,2023-07-16 14:12:46.373212
4,巨人,82,40,41,1,0.494,3.5,61,289,302,93,27,0.247,3.55,28,2023-07-16 14:12:46.373212
5,ヤクルト,82,34,46,2,0.425,5.5,61,287,311,68,44,0.234,3.53,36,2023-07-16 14:12:46.373212
6,中日,83,34,47,2,0.42,0.5,60,243,272,39,25,0.241,2.91,53,2023-07-16 14:12:46.373212
